{
  "project_info": {
    "project_number": "357111277258",
    "project_id": "test-firebase-fb44f",
    "storage_bucket": "test-firebase-fb44f.appspot.com"
  },
  "client": [
    {
      "client_info": {
        "mobilesdk_app_id": "1:357111277258:android:075786c769e05a0349b633",
        "android_client_info": {
          "package_name": "com.example.shesecure"
        }
      },
      "oauth_client": [
        {
          "client_id": "357111277258-3tv2qf623mc3frrmjnaen4ui5dkmrqui.apps.googleusercontent.com",
          "client_type": 3
        }
      ],
      "api_key": [
        {
          "current_key": "AIzaSyAP0opIrpEWLuzStZUsfOSkBSpgOLmOObE"
        }
      ],
      "services": {
        "appinvite_service": {
          "other_platform_oauth_client": [
            {
              "client_id": "357111277258-3tv2qf623mc3frrmjnaen4ui5dkmrqui.apps.googleusercontent.com",
              "client_type": 3
            }
          ]
        }
      }
    }
  ],
  "configuration_version": "1"
}